{
	"credit": "Made with Blockbench",
	"texture_size": [64, 64],
	"textures": {
		"0": "3d/natal/presente2",
		"particle": "3d/natal/presente2"
	},
	"elements": [
		{
			"from": [0, 0, 0],
			"to": [16, 11, 16],
			"rotation": {"angle": 45, "axis": "y", "origin": [8, 9.5, 8]},
			"faces": {
				"north": {"uv": [4.5, 0, 8.5, 2.75], "texture": "#0"},
				"east": {"uv": [4.5, 8.5, 8.5, 11.25], "texture": "#0"},
				"south": {"uv": [8.5, 8.5, 12.5, 11.25], "texture": "#0"},
				"west": {"uv": [8.5, 0, 12.5, 2.75], "texture": "#0"},
				"down": {"uv": [8.5, 4.5, 4.5, 8.5], "texture": "#0"}
			}
		},
		{
			"from": [-1, 11, -1],
			"to": [17, 16, 17],
			"rotation": {"angle": 45, "axis": "y", "origin": [8, 9.5, 8]},
			"faces": {
				"north": {"uv": [4.5, 2.75, 9, 4], "texture": "#0"},
				"east": {"uv": [8.5, 4, 13, 5.25], "texture": "#0"},
				"south": {"uv": [8.5, 5.25, 13, 6.5], "texture": "#0"},
				"west": {"uv": [8.5, 6.5, 13, 7.75], "texture": "#0"},
				"up": {"uv": [4.5, 4.5, 0, 0], "texture": "#0"},
				"down": {"uv": [4.5, 4.5, 0, 9], "texture": "#0"}
			}
		},
		{
			"from": [3.25, 16, 5.95],
			"to": [5.25, 18, 15.95],
			"rotation": {"angle": 45, "axis": "y", "origin": [7.5, 12.5, 7.75]},
			"faces": {
				"north": {"uv": [0, 12.25, 0.5, 12.75], "texture": "#0"},
				"east": {"uv": [9, 3.75, 11.5, 4], "texture": "#0"},
				"south": {"uv": [0, 12.25, 0.5, 12.75], "texture": "#0"},
				"west": {"uv": [10.5, 3.5, 13, 3.75], "texture": "#0"},
				"up": {"uv": [5.5, 13.75, 5, 11.25], "texture": "#0"}
			}
		},
		{
			"from": [6.14645, 16, 7.09619],
			"to": [8.14645, 18, 17.09619],
			"rotation": {"angle": -45, "axis": "y", "origin": [7.14645, 16.5, 12.34619]},
			"faces": {
				"north": {"uv": [0, 12.25, 0.5, 12.75], "texture": "#0"},
				"east": {"uv": [4.5, 4, 7, 4.25], "texture": "#0"},
				"south": {"uv": [0, 12.25, 0.5, 12.75], "texture": "#0"},
				"west": {"uv": [4.5, 4.25, 7, 4.5], "texture": "#0"},
				"up": {"uv": [5, 13.75, 4.5, 11.25], "texture": "#0"}
			}
		},
		{
			"from": [7.25, 15, 10.5],
			"to": [13.25, 18, 14.5],
			"rotation": {"angle": 22.5, "axis": "x", "origin": [10.25, 18, 12.5]},
			"faces": {
				"north": {"uv": [8.5, 7.75, 10, 8.5], "texture": "#0"},
				"east": {"uv": [1.5, 11.5, 2.5, 12.25], "texture": "#0"},
				"south": {"uv": [10, 7.75, 11.5, 8.5], "texture": "#0"},
				"west": {"uv": [2.5, 11.5, 3.5, 12.25], "texture": "#0"},
				"up": {"uv": [1.5, 10, 0, 9], "texture": "#0"},
				"down": {"uv": [3, 9, 1.5, 10], "texture": "#0"}
			}
		},
		{
			"from": [1.5, 15, 9.73463],
			"to": [7.5, 18, 13.73463],
			"rotation": {"angle": -22.5, "axis": "x", "origin": [4.5, 18, 11.73463]},
			"faces": {
				"north": {"uv": [10, 11.25, 11.5, 12], "texture": "#0"},
				"east": {"uv": [6.5, 12, 7.5, 12.75], "texture": "#0"},
				"south": {"uv": [0, 11.5, 1.5, 12.25], "texture": "#0"},
				"west": {"uv": [7.5, 12, 8.5, 12.75], "texture": "#0"},
				"up": {"uv": [10.5, 3.75, 9, 2.75], "texture": "#0"},
				"down": {"uv": [4.5, 10.5, 3, 11.5], "texture": "#0"}
			}
		},
		{
			"from": [5.25, 15.07612, 6.11732],
			"to": [9.25, 18.07612, 12.11732],
			"rotation": {"angle": -22.5, "axis": "z", "origin": [7.25, 17.07612, 9.11732]},
			"faces": {
				"north": {"uv": [3.5, 11.5, 4.5, 12.25], "texture": "#0"},
				"east": {"uv": [10.5, 2.75, 12, 3.5], "texture": "#0"},
				"south": {"uv": [11.5, 11.5, 12.5, 12.25], "texture": "#0"},
				"west": {"uv": [5.5, 11.25, 7, 12], "texture": "#0"},
				"up": {"uv": [4, 10.5, 3, 9], "texture": "#0"},
				"down": {"uv": [1, 10, 0, 11.5], "texture": "#0"}
			}
		},
		{
			"from": [5.5, 15.07612, 12.11732],
			"to": [9.5, 18.07612, 18.11732],
			"rotation": {"angle": 22.5, "axis": "z", "origin": [7.5, 17.07612, 15.11732]},
			"faces": {
				"north": {"uv": [11.5, 7.75, 12.5, 8.5], "texture": "#0"},
				"east": {"uv": [7, 11.25, 8.5, 12], "texture": "#0"},
				"south": {"uv": [5.5, 12, 6.5, 12.75], "texture": "#0"},
				"west": {"uv": [8.5, 11.25, 10, 12], "texture": "#0"},
				"up": {"uv": [2, 11.5, 1, 10], "texture": "#0"},
				"down": {"uv": [3, 10, 2, 11.5], "texture": "#0"}
			}
		}
	],
	"display": {
		"thirdperson_righthand": {
			"rotation": [77, 0, 0],
			"translation": [0, 4, 3.75],
			"scale": [0.5, 0.5, 0.5]
		},
		"thirdperson_lefthand": {
			"rotation": [77, 0, 0],
			"translation": [0, 4, 3.75],
			"scale": [0.5, 0.5, 0.5]
		},
		"firstperson_righthand": {
			"translation": [10.5, 0, -11.5],
			"scale": [0.5, 0.5, 0.5]
		},
		"firstperson_lefthand": {
			"translation": [10.5, 0, -11.5],
			"scale": [0.5, 0.5, 0.5]
		},
		"ground": {
			"translation": [0, 5, 0],
			"scale": [0.5, 0.5, 0.5]
		},
		"gui": {
			"rotation": [45, -89, 0],
			"translation": [-0.25, -0.5, 0],
			"scale": [0.5, 0.5, 0.5]
		},
		"head": {
			"translation": [0, -32, 0],
			"scale": [1.5, 1.5, 1.5]
		},
		"fixed": {
			"rotation": [-90, 0, 0],
			"translation": [0, 0, -15.25],
			"scale": [2, 2, 2]
		}
	}
}