{
	"credit": "Made with Blockbench",
	"textures": {
		"1": "block/red_concrete",
		"2": "block/white_concrete",
		"3": "3d/natal/lacopresente",
		"particle": "block/white_concrete"
	},
	"elements": [
		{
			"from": [0, 0, 0],
			"to": [16, 9, 16],
			"faces": {
				"north": {"uv": [0, 0, 16, 9], "texture": "#2"},
				"east": {"uv": [0, 0, 16, 9], "texture": "#2"},
				"south": {"uv": [0, 0, 16, 9], "texture": "#2"},
				"west": {"uv": [0, 0, 16, 9], "texture": "#2"},
				"up": {"uv": [0, 0, 0, 0], "texture": "#2"},
				"down": {"uv": [0, 0, 16, 16], "texture": "#2"}
			}
		},
		{
			"from": [-1, 8, -1],
			"to": [17, 13, 17],
			"faces": {
				"north": {"uv": [0, 0, 16, 5], "texture": "#2"},
				"east": {"uv": [0, 0, 16, 5], "texture": "#2"},
				"south": {"uv": [0, 0, 16, 5], "texture": "#2"},
				"west": {"uv": [0, 0, 16, 5], "texture": "#2"},
				"up": {"uv": [0, 0, 16, 16], "texture": "#2"},
				"down": {"uv": [0, 0, 16, 16], "texture": "#2"}
			}
		},
		{
			"from": [6.5, 13.25, 6.5],
			"to": [9.5, 14.5, 9.5],
			"faces": {
				"north": {"uv": [0, 0, 1.25, 3], "rotation": 90, "texture": "#1"},
				"east": {"uv": [0, 0, 1.25, 3], "rotation": 270, "texture": "#1"},
				"south": {"uv": [0, 0, 1.25, 3], "rotation": 270, "texture": "#1"},
				"west": {"uv": [0, 0, 1.25, 3], "rotation": 270, "texture": "#1"},
				"up": {"uv": [0, 0, 3, 3], "rotation": 270, "texture": "#1"},
				"down": {"uv": [0, 0, 0, 0], "rotation": 270, "texture": "#1"}
			}
		},
		{
			"from": [-1.5, 7.5, 6],
			"to": [17.5, 13.25, 10],
			"faces": {
				"north": {"uv": [0, 0, 16, 5.75], "texture": "#1"},
				"east": {"uv": [0, 0, 4, 5.75], "texture": "#1"},
				"south": {"uv": [0, 0, 16, 5.75], "texture": "#1"},
				"west": {"uv": [0, 0, 4, 5.75], "texture": "#1"},
				"up": {"uv": [0, 0, 16, 4], "texture": "#1"},
				"down": {"uv": [0, 0, 16, 4], "texture": "#1"}
			}
		},
		{
			"from": [6, 7.5, -1.5],
			"to": [10, 13.25, 17.5],
			"rotation": {"angle": 0, "axis": "y", "origin": [8, 10.375, 8]},
			"faces": {
				"north": {"uv": [0, 0, 4, 5.75], "texture": "#1"},
				"east": {"uv": [0, 0, 16, 5.75], "texture": "#1"},
				"south": {"uv": [0, 0, 4, 5.75], "texture": "#1"},
				"west": {"uv": [0, 0, 16, 5.75], "texture": "#1"},
				"up": {"uv": [0, 0, 16, 4], "rotation": 270, "texture": "#1"},
				"down": {"uv": [0, 0, 16, 4], "rotation": 90, "texture": "#1"}
			}
		},
		{
			"from": [6, -0.5, -0.5],
			"to": [10, 7.5, 16.5],
			"faces": {
				"north": {"uv": [0, 0, 4, 8], "texture": "#1"},
				"east": {"uv": [0, 0, 16, 8], "texture": "#1"},
				"south": {"uv": [0, 0, 4, 8], "texture": "#1"},
				"west": {"uv": [0, 0, 16, 8], "texture": "#1"},
				"up": {"uv": [0, 0, 0, 0], "rotation": 270, "texture": "#1"},
				"down": {"uv": [0, 0, 16, 4], "rotation": 90, "texture": "#1"}
			}
		},
		{
			"from": [-0.5, -0.5, 6],
			"to": [16.5, 7.5, 10],
			"rotation": {"angle": 0, "axis": "y", "origin": [8, 3.5, 8]},
			"faces": {
				"north": {"uv": [0, 0, 16, 8], "texture": "#1"},
				"east": {"uv": [0, 0, 4, 8], "texture": "#1"},
				"south": {"uv": [0, 0, 16, 8], "texture": "#1"},
				"west": {"uv": [0, 0, 4, 8], "texture": "#1"},
				"up": {"uv": [0, 0, 0, 0], "rotation": 180, "texture": "#1"},
				"down": {"uv": [0, 0, 16, 4], "rotation": 180, "texture": "#1"}
			}
		},
		{
			"from": [8, 13.25, 0.5],
			"to": [8, 19.25, 15.5],
			"rotation": {"angle": 45, "axis": "y", "origin": [8, 16.25, 8]},
			"faces": {
				"east": {"uv": [0, 0, 15, 6], "texture": "#3"},
				"west": {"uv": [0, 0, 15, 6], "texture": "#3"}
			}
		},
		{
			"from": [0.5, 13.25, 8],
			"to": [15.5, 19.25, 8],
			"rotation": {"angle": 45, "axis": "y", "origin": [8, 16.25, 8]},
			"faces": {
				"north": {"uv": [0, 0, 15, 6], "texture": "#3"},
				"south": {"uv": [0, 0, 15, 6], "texture": "#3"}
			}
		},
		{
			"from": [8, 13.25, 0.5],
			"to": [8, 19.25, 15.5],
			"rotation": {"angle": 0, "axis": "y", "origin": [8, 16.25, 8]},
			"faces": {
				"east": {"uv": [0, 0, 15, 6], "texture": "#3"},
				"west": {"uv": [0, 0, 15, 6], "texture": "#3"}
			}
		},
		{
			"from": [0.5, 13.25, 8],
			"to": [15.5, 19.25, 8],
			"rotation": {"angle": 0, "axis": "y", "origin": [8, 16.25, 8]},
			"faces": {
				"north": {"uv": [0, 0, 15, 6], "texture": "#3"},
				"south": {"uv": [0, 0, 15, 6], "texture": "#3"}
			}
		}
	],
	"display": {
		"thirdperson_righthand": {
			"rotation": [65, 45, 0],
			"translation": [0, 2.5, 0],
			"scale": [0.3, 0.3, 0.3]
		},
		"thirdperson_lefthand": {
			"rotation": [65, 45, 0],
			"translation": [0, 2.5, 0],
			"scale": [0.3, 0.3, 0.3]
		},
		"firstperson_righthand": {
			"rotation": [0, 25, 0],
			"translation": [0, 2, 0],
			"scale": [0.4, 0.4, 0.4]
		},
		"firstperson_lefthand": {
			"rotation": [0, 25, 0],
			"translation": [0, 2, 0],
			"scale": [0.4, 0.4, 0.4]
		},
		"ground": {
			"translation": [0, 4, 0],
			"scale": [0.3, 0.3, 0.3]
		},
		"gui": {
			"rotation": [20, 45, 0],
			"scale": [0.5, 0.5, 0.5]
		},
		"head": {
			"rotation": [0, 35, 0],
			"translation": [0, 11.25, 0],
			"scale": [0.6, 0.6, 0.6]
		},
		"fixed": {
			"rotation": [-90, 0, 0],
			"translation": [0, 0, -8]
		}
	}
}