{
	"credit": "Feito por thiagogebrim",
	"ambientocclusion": false,
	"textures": {
		"2": "3d/trofeu/R",
		"gold_block": "3d/trofeu/dourado",
		"wool_colored_brown": "3d/trofeu/marrom",
		"particle": "3d/trofeu/R"
	},
	"elements": [
		{
			"from": [4, 0, 6],
			"to": [13, 1, 9],
			"faces": {
				"north": {"uv": [0, 0, 9, 1], "texture": "#wool_colored_brown"},
				"east": {"uv": [0, 0, 3, 1], "texture": "#wool_colored_brown"},
				"south": {"uv": [0, 0, 9, 1], "texture": "#wool_colored_brown"},
				"west": {"uv": [0, 0, 3, 1], "texture": "#wool_colored_brown"},
				"up": {"uv": [3, 1, 6, 10], "rotation": 270, "texture": "#wool_colored_brown"},
				"down": {"uv": [3, 5, 6, 14], "rotation": 270, "texture": "#wool_colored_brown"}
			}
		},
		{
			"from": [5, 0, 9],
			"to": [12, 1, 10],
			"faces": {
				"east": {"uv": [4, 6, 5, 7], "texture": "#wool_colored_brown"},
				"south": {"uv": [1, 10, 8, 11], "texture": "#wool_colored_brown"},
				"west": {"uv": [3, 5, 4, 6], "texture": "#wool_colored_brown"},
				"up": {"uv": [10, 3, 11, 10], "rotation": 270, "texture": "#wool_colored_brown"},
				"down": {"uv": [10, 7, 11, 14], "rotation": 270, "texture": "#wool_colored_brown"}
			}
		},
		{
			"from": [5, 0, 5],
			"to": [12, 1, 6],
			"faces": {
				"north": {"uv": [4, 8, 11, 9], "texture": "#wool_colored_brown"},
				"east": {"uv": [4, 6, 5, 7], "texture": "#wool_colored_brown"},
				"west": {"uv": [3, 5, 4, 6], "texture": "#wool_colored_brown"},
				"up": {"uv": [10, 3, 11, 10], "rotation": 270, "texture": "#wool_colored_brown"},
				"down": {"uv": [10, 7, 11, 14], "rotation": 270, "texture": "#wool_colored_brown"}
			}
		},
		{
			"from": [6, 0, 4],
			"to": [11, 1, 5],
			"faces": {
				"north": {"uv": [6, 5, 11, 6], "texture": "#wool_colored_brown"},
				"east": {"uv": [12, 4, 13, 5], "texture": "#wool_colored_brown"},
				"west": {"uv": [2, 8, 3, 9], "texture": "#wool_colored_brown"},
				"up": {"uv": [5, 7, 6, 12], "rotation": 270, "texture": "#wool_colored_brown"},
				"down": {"uv": [9, 3, 10, 8], "rotation": 270, "texture": "#wool_colored_brown"}
			}
		},
		{
			"from": [6, 0, 10],
			"to": [11, 1, 11],
			"faces": {
				"east": {"uv": [12, 4, 13, 5], "texture": "#wool_colored_brown"},
				"south": {"uv": [2, 7, 7, 8], "texture": "#wool_colored_brown"},
				"west": {"uv": [2, 8, 3, 9], "texture": "#wool_colored_brown"},
				"up": {"uv": [5, 7, 6, 12], "rotation": 270, "texture": "#wool_colored_brown"},
				"down": {"uv": [9, 3, 10, 8], "rotation": 270, "texture": "#wool_colored_brown"}
			}
		},
		{
			"from": [7, 0, 11],
			"to": [10, 1, 12],
			"faces": {
				"east": {"uv": [13, 10, 14, 11], "texture": "#wool_colored_brown"},
				"south": {"uv": [4, 9, 7, 10], "texture": "#wool_colored_brown"},
				"west": {"uv": [3, 11, 4, 12], "texture": "#wool_colored_brown"},
				"up": {"uv": [6, 2, 7, 5], "rotation": 270, "texture": "#wool_colored_brown"},
				"down": {"uv": [12, 9, 13, 12], "rotation": 270, "texture": "#wool_colored_brown"}
			}
		},
		{
			"from": [7, 0, 3],
			"to": [10, 1, 4],
			"faces": {
				"north": {"uv": [8, 6, 11, 7], "texture": "#wool_colored_brown"},
				"east": {"uv": [13, 10, 14, 11], "texture": "#wool_colored_brown"},
				"west": {"uv": [3, 11, 4, 12], "texture": "#wool_colored_brown"},
				"up": {"uv": [6, 2, 7, 5], "rotation": 270, "texture": "#wool_colored_brown"},
				"down": {"uv": [12, 9, 13, 12], "rotation": 270, "texture": "#wool_colored_brown"}
			}
		},
		{
			"from": [7, 1, 4],
			"to": [10, 3, 5],
			"faces": {
				"north": {"uv": [5, 9, 8, 11], "texture": "#wool_colored_brown"},
				"east": {"uv": [5, 8, 6, 10], "texture": "#wool_colored_brown"},
				"west": {"uv": [7, 9, 8, 11], "texture": "#wool_colored_brown"},
				"up": {"uv": [3, 8, 4, 11], "rotation": 270, "texture": "#wool_colored_brown"}
			}
		},
		{
			"from": [6, 1, 5],
			"to": [11, 3, 6],
			"faces": {
				"north": {"uv": [5, 9, 10, 11], "texture": "#wool_colored_brown"},
				"east": {"uv": [5, 8, 6, 10], "texture": "#wool_colored_brown"},
				"west": {"uv": [7, 9, 8, 11], "texture": "#wool_colored_brown"},
				"up": {"uv": [3, 8, 4, 13], "rotation": 270, "texture": "#wool_colored_brown"}
			}
		},
		{
			"from": [5, 1, 6],
			"to": [12, 3, 9],
			"faces": {
				"north": {"uv": [5, 9, 12, 11], "texture": "#wool_colored_brown"},
				"east": {"uv": [5, 8, 8, 10], "texture": "#wool_colored_brown"},
				"south": {"uv": [5, 7, 12, 9], "texture": "#wool_colored_brown"},
				"west": {"uv": [7, 9, 10, 11], "texture": "#wool_colored_brown"},
				"up": {"uv": [3, 8, 6, 15], "rotation": 270, "texture": "#wool_colored_brown"}
			}
		},
		{
			"from": [6, 1, 9],
			"to": [11, 3, 10],
			"faces": {
				"east": {"uv": [5, 8, 6, 10], "texture": "#wool_colored_brown"},
				"south": {"uv": [5, 7, 10, 9], "texture": "#wool_colored_brown"},
				"west": {"uv": [7, 9, 8, 11], "texture": "#wool_colored_brown"},
				"up": {"uv": [3, 8, 4, 13], "rotation": 270, "texture": "#wool_colored_brown"}
			}
		},
		{
			"from": [7, 1, 10],
			"to": [10, 3, 11],
			"faces": {
				"east": {"uv": [5, 8, 6, 10], "texture": "#wool_colored_brown"},
				"south": {"uv": [5, 7, 8, 9], "texture": "#wool_colored_brown"},
				"west": {"uv": [7, 9, 8, 11], "texture": "#wool_colored_brown"},
				"up": {"uv": [3, 8, 4, 11], "rotation": 270, "texture": "#wool_colored_brown"}
			}
		},
		{
			"from": [7, 3, 9],
			"to": [10, 4, 10],
			"faces": {
				"east": {"uv": [10, 13, 11, 14], "texture": "#gold_block"},
				"south": {"uv": [3, 5, 6, 6], "texture": "#gold_block"},
				"west": {"uv": [12, 12, 13, 13], "texture": "#gold_block"},
				"up": {"uv": [12, 9, 13, 12], "rotation": 270, "texture": "#gold_block"}
			}
		},
		{
			"from": [6, 3, 6],
			"to": [11, 4, 9],
			"faces": {
				"north": {"uv": [9, 11, 14, 12], "texture": "#gold_block"},
				"east": {"uv": [9, 12, 12, 13], "texture": "#gold_block"},
				"south": {"uv": [6, 12, 11, 13], "texture": "#gold_block"},
				"west": {"uv": [7, 12, 10, 13], "texture": "#gold_block"},
				"up": {"uv": [9, 9, 12, 14], "rotation": 270, "texture": "#gold_block"}
			}
		},
		{
			"from": [7, 3, 5],
			"to": [10, 4, 6],
			"faces": {
				"north": {"uv": [10, 11, 13, 12], "texture": "#gold_block"},
				"east": {"uv": [11, 12, 12, 13], "texture": "#gold_block"},
				"west": {"uv": [12, 11, 13, 12], "texture": "#gold_block"},
				"up": {"uv": [14, 8, 15, 11], "rotation": 270, "texture": "#gold_block"}
			}
		},
		{
			"from": [8, 5, 8],
			"to": [9, 6, 9],
			"faces": {
				"east": {"uv": [11, 12, 12, 13], "texture": "#gold_block"},
				"south": {"uv": [9, 12, 10, 13], "texture": "#gold_block"},
				"west": {"uv": [12, 11, 13, 12], "texture": "#gold_block"},
				"up": {"uv": [14, 8, 15, 9], "rotation": 270, "texture": "#gold_block"}
			}
		},
		{
			"from": [7, 5, 7],
			"to": [8, 6, 8],
			"faces": {
				"north": {"uv": [10, 11, 11, 12], "texture": "#gold_block"},
				"south": {"uv": [9, 12, 10, 13], "texture": "#gold_block"},
				"west": {"uv": [12, 11, 13, 12], "texture": "#gold_block"},
				"up": {"uv": [14, 8, 15, 9], "rotation": 270, "texture": "#gold_block"}
			}
		},
		{
			"from": [8, 5, 6],
			"to": [9, 6, 7],
			"faces": {
				"north": {"uv": [10, 11, 11, 12], "texture": "#gold_block"},
				"east": {"uv": [11, 12, 12, 13], "texture": "#gold_block"},
				"west": {"uv": [12, 11, 13, 12], "texture": "#gold_block"},
				"up": {"uv": [14, 8, 15, 9], "rotation": 270, "texture": "#gold_block"}
			}
		},
		{
			"from": [9, 5, 7],
			"to": [10, 6, 8],
			"faces": {
				"north": {"uv": [10, 11, 11, 12], "texture": "#gold_block"},
				"east": {"uv": [11, 12, 12, 13], "texture": "#gold_block"},
				"south": {"uv": [9, 12, 10, 13], "texture": "#gold_block"},
				"up": {"uv": [14, 8, 15, 9], "rotation": 270, "texture": "#gold_block"}
			}
		},
		{
			"from": [8, 5, 7],
			"to": [9, 10, 8],
			"faces": {
				"north": {"uv": [10, 11, 11, 16], "texture": "#gold_block"},
				"east": {"uv": [11, 12, 12, 16], "texture": "#gold_block"},
				"south": {"uv": [9, 12, 10, 16], "texture": "#gold_block"},
				"west": {"uv": [12, 11, 13, 16], "texture": "#gold_block"},
				"up": {"uv": [14, 8, 15, 9], "rotation": 270, "texture": "#gold_block"}
			}
		},
		{
			"from": [7, 4, 6],
			"to": [10, 5, 9],
			"faces": {
				"north": {"uv": [10, 11, 13, 12], "texture": "#gold_block"},
				"east": {"uv": [11, 12, 14, 13], "texture": "#gold_block"},
				"south": {"uv": [9, 12, 12, 13], "texture": "#gold_block"},
				"west": {"uv": [12, 11, 15, 12], "texture": "#gold_block"},
				"up": {"uv": [14, 8, 16, 11], "rotation": 270, "texture": "#gold_block"}
			}
		},
		{
			"from": [8, 7, 8],
			"to": [9, 8, 9],
			"faces": {
				"east": {"uv": [8, 7, 9, 8], "texture": "#gold_block"},
				"south": {"uv": [11, 12, 12, 13], "texture": "#gold_block"},
				"west": {"uv": [7, 11, 8, 12], "texture": "#gold_block"},
				"up": {"uv": [12, 11, 13, 12], "rotation": 270, "texture": "#gold_block"},
				"down": {"uv": [11, 11, 12, 12], "rotation": 270, "texture": "#gold_block"}
			}
		},
		{
			"from": [7, 7, 7],
			"to": [8, 8, 8],
			"faces": {
				"north": {"uv": [10, 12, 11, 13], "texture": "#gold_block"},
				"south": {"uv": [9, 12, 10, 13], "texture": "#gold_block"},
				"west": {"uv": [10, 8, 11, 9], "texture": "#gold_block"},
				"up": {"uv": [14, 11, 15, 12], "rotation": 270, "texture": "#gold_block"},
				"down": {"uv": [10, 12, 11, 13], "rotation": 270, "texture": "#gold_block"}
			}
		},
		{
			"from": [8, 7, 6],
			"to": [9, 8, 7],
			"faces": {
				"north": {"uv": [12, 11, 13, 12], "texture": "#gold_block"},
				"east": {"uv": [7, 11, 8, 12], "texture": "#gold_block"},
				"west": {"uv": [9, 5, 10, 6], "texture": "#gold_block"},
				"up": {"uv": [10, 10, 11, 11], "rotation": 270, "texture": "#gold_block"},
				"down": {"uv": [9, 9, 10, 10], "rotation": 270, "texture": "#gold_block"}
			}
		},
		{
			"from": [9, 7, 7],
			"to": [10, 8, 8],
			"faces": {
				"north": {"uv": [9, 8, 10, 9], "texture": "#gold_block"},
				"east": {"uv": [12, 8, 13, 9], "texture": "#gold_block"},
				"south": {"uv": [11, 9, 12, 10], "texture": "#gold_block"},
				"up": {"uv": [13, 11, 14, 12], "rotation": 270, "texture": "#gold_block"},
				"down": {"uv": [10, 8, 11, 9], "rotation": 270, "texture": "#gold_block"}
			}
		},
		{
			"from": [8, 10, 5],
			"to": [9, 11, 6],
			"faces": {
				"north": {"uv": [10, 11, 11, 12], "texture": "#gold_block"},
				"east": {"uv": [11, 12, 12, 13], "texture": "#gold_block"},
				"south": {"uv": [9, 12, 10, 13], "texture": "#gold_block"},
				"west": {"uv": [12, 11, 13, 12], "texture": "#gold_block"},
				"up": {"uv": [14, 8, 15, 9], "rotation": 270, "texture": "#gold_block"},
				"down": {"uv": [11, 9, 12, 10], "rotation": 270, "texture": "#gold_block"}
			}
		},
		{
			"from": [9, 10, 6],
			"to": [10, 11, 7],
			"faces": {
				"north": {"uv": [12, 11, 13, 12], "texture": "#gold_block"},
				"east": {"uv": [8, 7, 9, 8], "texture": "#gold_block"},
				"south": {"uv": [10, 7, 11, 8], "texture": "#gold_block"},
				"west": {"uv": [7, 11, 8, 12], "texture": "#gold_block"},
				"up": {"uv": [14, 8, 15, 9], "rotation": 270, "texture": "#gold_block"},
				"down": {"uv": [12, 11, 13, 12], "rotation": 270, "texture": "#gold_block"}
			}
		},
		{
			"from": [10, 10, 7],
			"to": [11, 11, 8],
			"faces": {
				"north": {"uv": [6, 9, 7, 10], "texture": "#gold_block"},
				"east": {"uv": [11, 10, 12, 11], "texture": "#gold_block"},
				"south": {"uv": [10, 12, 11, 13], "texture": "#gold_block"},
				"west": {"uv": [9, 9, 10, 10], "texture": "#gold_block"},
				"up": {"uv": [13, 11, 14, 12], "rotation": 270, "texture": "#gold_block"},
				"down": {"uv": [11, 10, 12, 11], "rotation": 270, "texture": "#gold_block"}
			}
		},
		{
			"from": [9, 10, 8],
			"to": [10, 11, 9],
			"faces": {
				"north": {"uv": [10, 11, 11, 12], "texture": "#gold_block"},
				"east": {"uv": [9, 11, 10, 12], "texture": "#gold_block"},
				"south": {"uv": [7, 7, 8, 8], "texture": "#gold_block"},
				"west": {"uv": [11, 10, 12, 11], "texture": "#gold_block"},
				"up": {"uv": [11, 13, 12, 14], "rotation": 270, "texture": "#gold_block"},
				"down": {"uv": [10, 12, 11, 13], "rotation": 270, "texture": "#gold_block"}
			}
		},
		{
			"from": [8, 10, 9],
			"to": [9, 11, 10],
			"faces": {
				"north": {"uv": [11, 8, 12, 9], "texture": "#gold_block"},
				"east": {"uv": [13, 11, 14, 12], "texture": "#gold_block"},
				"south": {"uv": [12, 12, 13, 13], "texture": "#gold_block"},
				"west": {"uv": [11, 7, 12, 8], "texture": "#gold_block"},
				"up": {"uv": [11, 7, 12, 8], "rotation": 270, "texture": "#gold_block"},
				"down": {"uv": [12, 13, 13, 14], "rotation": 270, "texture": "#gold_block"}
			}
		},
		{
			"from": [7, 10, 8],
			"to": [8, 11, 9],
			"faces": {
				"north": {"uv": [9, 8, 10, 9], "texture": "#gold_block"},
				"east": {"uv": [12, 11, 13, 12], "texture": "#gold_block"},
				"south": {"uv": [6, 8, 7, 9], "texture": "#gold_block"},
				"west": {"uv": [12, 8, 13, 9], "texture": "#gold_block"},
				"up": {"uv": [12, 12, 13, 13], "rotation": 270, "texture": "#gold_block"},
				"down": {"uv": [10, 11, 11, 12], "rotation": 270, "texture": "#gold_block"}
			}
		},
		{
			"from": [6, 10, 7],
			"to": [7, 11, 8],
			"faces": {
				"north": {"uv": [12, 14, 13, 15], "texture": "#gold_block"},
				"east": {"uv": [11, 12, 12, 13], "texture": "#gold_block"},
				"south": {"uv": [9, 6, 10, 7], "texture": "#gold_block"},
				"west": {"uv": [10, 13, 11, 14], "texture": "#gold_block"},
				"up": {"uv": [12, 11, 13, 12], "rotation": 270, "texture": "#gold_block"},
				"down": {"uv": [3, 5, 4, 6], "rotation": 270, "texture": "#gold_block"}
			}
		},
		{
			"from": [7, 10, 6],
			"to": [8, 11, 7],
			"faces": {
				"north": {"uv": [6, 10, 7, 11], "texture": "#gold_block"},
				"east": {"uv": [14, 6, 15, 7], "texture": "#gold_block"},
				"south": {"uv": [11, 13, 12, 14], "texture": "#gold_block"},
				"west": {"uv": [8, 9, 9, 10], "texture": "#gold_block"},
				"up": {"uv": [9, 6, 10, 7], "rotation": 270, "texture": "#gold_block"},
				"down": {"uv": [7, 8, 8, 9], "rotation": 270, "texture": "#gold_block"}
			}
		},
		{
			"from": [9, 9, 7],
			"to": [10, 10, 8],
			"faces": {
				"north": {"uv": [10, 7, 11, 8], "texture": "#gold_block"},
				"east": {"uv": [8, 7, 9, 8], "texture": "#gold_block"},
				"south": {"uv": [11, 12, 12, 13], "texture": "#gold_block"},
				"up": {"uv": [12, 11, 13, 12], "rotation": 270, "texture": "#gold_block"},
				"down": {"uv": [11, 11, 12, 12], "rotation": 270, "texture": "#gold_block"}
			}
		},
		{
			"from": [8, 9, 6],
			"to": [9, 10, 7],
			"faces": {
				"north": {"uv": [9, 8, 10, 9], "texture": "#gold_block"},
				"east": {"uv": [12, 8, 13, 9], "texture": "#gold_block"},
				"west": {"uv": [9, 9, 10, 10], "texture": "#gold_block"},
				"up": {"uv": [13, 11, 14, 12], "rotation": 270, "texture": "#gold_block"},
				"down": {"uv": [10, 8, 11, 9], "rotation": 270, "texture": "#gold_block"}
			}
		},
		{
			"from": [7, 9, 7],
			"to": [8, 10, 8],
			"faces": {
				"north": {"uv": [10, 7, 11, 8], "texture": "#gold_block"},
				"south": {"uv": [11, 12, 12, 13], "texture": "#gold_block"},
				"west": {"uv": [7, 11, 8, 12], "texture": "#gold_block"},
				"up": {"uv": [12, 11, 13, 12], "rotation": 270, "texture": "#gold_block"},
				"down": {"uv": [11, 11, 12, 12], "rotation": 270, "texture": "#gold_block"}
			}
		},
		{
			"from": [8, 9, 8],
			"to": [9, 10, 9],
			"faces": {
				"east": {"uv": [12, 8, 13, 9], "texture": "#gold_block"},
				"south": {"uv": [11, 9, 12, 10], "texture": "#gold_block"},
				"west": {"uv": [9, 9, 10, 10], "texture": "#gold_block"},
				"up": {"uv": [13, 11, 14, 12], "rotation": 270, "texture": "#gold_block"},
				"down": {"uv": [10, 8, 11, 9], "rotation": 270, "texture": "#gold_block"}
			}
		},
		{
			"from": [5, 11, 7],
			"to": [6, 13, 8],
			"faces": {
				"north": {"uv": [6, 10, 7, 12], "texture": "#gold_block"},
				"east": {"uv": [14, 6, 15, 8], "texture": "#gold_block"},
				"south": {"uv": [11, 13, 12, 15], "texture": "#gold_block"},
				"west": {"uv": [8, 9, 9, 11], "texture": "#gold_block"},
				"down": {"uv": [7, 8, 8, 9], "rotation": 270, "texture": "#gold_block"}
			}
		},
		{
			"from": [8, 11, 10],
			"to": [9, 13, 11],
			"faces": {
				"north": {"uv": [6, 10, 7, 12], "texture": "#gold_block"},
				"east": {"uv": [14, 6, 15, 8], "texture": "#gold_block"},
				"south": {"uv": [11, 13, 12, 15], "texture": "#gold_block"},
				"west": {"uv": [8, 9, 9, 11], "texture": "#gold_block"},
				"down": {"uv": [7, 8, 8, 9], "rotation": 270, "texture": "#gold_block"}
			}
		},
		{
			"from": [8, 11, 4],
			"to": [9, 13, 5],
			"faces": {
				"north": {"uv": [10, 11, 11, 13], "texture": "#gold_block"},
				"east": {"uv": [9, 11, 10, 13], "texture": "#gold_block"},
				"south": {"uv": [7, 7, 8, 9], "texture": "#gold_block"},
				"west": {"uv": [11, 10, 12, 12], "texture": "#gold_block"},
				"down": {"uv": [10, 12, 11, 13], "rotation": 270, "texture": "#gold_block"}
			}
		},
		{
			"from": [11, 11, 7],
			"to": [12, 13, 8],
			"faces": {
				"north": {"uv": [9, 8, 10, 10], "texture": "#gold_block"},
				"east": {"uv": [12, 8, 13, 10], "texture": "#gold_block"},
				"south": {"uv": [11, 9, 12, 11], "texture": "#gold_block"},
				"west": {"uv": [9, 9, 10, 11], "texture": "#gold_block"},
				"down": {"uv": [10, 8, 11, 9], "rotation": 270, "texture": "#gold_block"}
			}
		},
		{
			"from": [10, 11, 6],
			"to": [11, 13, 7],
			"faces": {
				"north": {"uv": [12, 14, 13, 16], "texture": "#gold_block"},
				"east": {"uv": [11, 12, 12, 14], "texture": "#gold_block"},
				"south": {"uv": [9, 6, 10, 8], "texture": "#gold_block"},
				"west": {"uv": [10, 13, 11, 15], "texture": "#gold_block"},
				"up": {"uv": [12, 11, 13, 12], "rotation": 270, "texture": "#gold_block"},
				"down": {"uv": [3, 5, 4, 6], "rotation": 270, "texture": "#gold_block"}
			}
		},
		{
			"from": [9, 11, 9],
			"to": [10, 13, 10],
			"faces": {
				"north": {"uv": [12, 14, 13, 16], "texture": "#gold_block"},
				"east": {"uv": [11, 12, 12, 14], "texture": "#gold_block"},
				"south": {"uv": [9, 6, 10, 8], "texture": "#gold_block"},
				"west": {"uv": [10, 13, 11, 15], "texture": "#gold_block"},
				"up": {"uv": [12, 11, 13, 12], "rotation": 270, "texture": "#gold_block"},
				"down": {"uv": [3, 5, 4, 6], "rotation": 270, "texture": "#gold_block"}
			}
		},
		{
			"from": [9, 11, 5],
			"to": [10, 13, 6],
			"faces": {
				"north": {"uv": [9, 8, 10, 10], "texture": "#gold_block"},
				"east": {"uv": [12, 11, 13, 13], "texture": "#gold_block"},
				"south": {"uv": [6, 8, 7, 10], "texture": "#gold_block"},
				"west": {"uv": [12, 8, 13, 10], "texture": "#gold_block"},
				"up": {"uv": [12, 12, 13, 13], "rotation": 270, "texture": "#gold_block"},
				"down": {"uv": [10, 11, 11, 12], "rotation": 270, "texture": "#gold_block"}
			}
		},
		{
			"from": [10, 11, 8],
			"to": [11, 13, 9],
			"faces": {
				"north": {"uv": [12, 14, 13, 16], "texture": "#gold_block"},
				"east": {"uv": [11, 12, 12, 14], "texture": "#gold_block"},
				"south": {"uv": [9, 6, 10, 8], "texture": "#gold_block"},
				"west": {"uv": [10, 13, 11, 15], "texture": "#gold_block"},
				"up": {"uv": [12, 11, 13, 12], "rotation": 270, "texture": "#gold_block"},
				"down": {"uv": [3, 5, 4, 6], "rotation": 270, "texture": "#gold_block"}
			}
		},
		{
			"from": [7, 11, 9],
			"to": [8, 13, 10],
			"faces": {
				"north": {"uv": [10, 11, 11, 13], "texture": "#gold_block"},
				"east": {"uv": [11, 12, 12, 14], "texture": "#gold_block"},
				"south": {"uv": [9, 12, 10, 14], "texture": "#gold_block"},
				"west": {"uv": [12, 11, 13, 13], "texture": "#gold_block"},
				"up": {"uv": [14, 8, 15, 9], "rotation": 270, "texture": "#gold_block"},
				"down": {"uv": [11, 9, 12, 10], "rotation": 270, "texture": "#gold_block"}
			}
		},
		{
			"from": [6, 11, 6],
			"to": [7, 13, 7],
			"faces": {
				"north": {"uv": [10, 11, 11, 13], "texture": "#gold_block"},
				"east": {"uv": [9, 11, 10, 13], "texture": "#gold_block"},
				"south": {"uv": [7, 7, 8, 9], "texture": "#gold_block"},
				"west": {"uv": [11, 10, 12, 12], "texture": "#gold_block"},
				"up": {"uv": [11, 13, 12, 14], "rotation": 270, "texture": "#gold_block"},
				"down": {"uv": [10, 12, 11, 13], "rotation": 270, "texture": "#gold_block"}
			}
		},
		{
			"from": [6, 11, 8],
			"to": [7, 13, 9],
			"faces": {
				"north": {"uv": [9, 8, 10, 10], "texture": "#gold_block"},
				"east": {"uv": [12, 11, 13, 13], "texture": "#gold_block"},
				"south": {"uv": [6, 8, 7, 10], "texture": "#gold_block"},
				"west": {"uv": [12, 8, 13, 10], "texture": "#gold_block"},
				"up": {"uv": [12, 12, 13, 13], "rotation": 270, "texture": "#gold_block"},
				"down": {"uv": [10, 11, 11, 12], "rotation": 270, "texture": "#gold_block"}
			}
		},
		{
			"from": [7, 11, 5],
			"to": [8, 13, 6],
			"faces": {
				"north": {"uv": [10, 11, 11, 13], "texture": "#gold_block"},
				"east": {"uv": [11, 12, 12, 14], "texture": "#gold_block"},
				"south": {"uv": [9, 12, 10, 14], "texture": "#gold_block"},
				"west": {"uv": [12, 11, 13, 13], "texture": "#gold_block"},
				"up": {"uv": [14, 8, 15, 9], "rotation": 270, "texture": "#gold_block"},
				"down": {"uv": [11, 9, 12, 10], "rotation": 270, "texture": "#gold_block"}
			}
		},
		{
			"name": "RR",
			"from": [11, 13, 6],
			"to": [12, 16, 9],
			"faces": {
				"north": {"uv": [10, 11, 11, 14], "texture": "#gold_block"},
				"east": {"uv": [1.49533, 1.19626, 14.80373, 14.80376], "texture": "#2"},
				"south": {"uv": [9, 12, 10, 15], "texture": "#gold_block"},
				"west": {"uv": [12, 11, 15, 14], "texture": "#gold_block"},
				"up": {"uv": [9, 12, 12, 13], "rotation": 270, "texture": "#gold_block"},
				"down": {"uv": [11, 9, 14, 10], "rotation": 270, "texture": "#gold_block"}
			}
		},
		{
			"from": [5, 13, 6],
			"to": [6, 16, 9],
			"faces": {
				"north": {"uv": [10, 11, 11, 14], "texture": "#gold_block"},
				"east": {"uv": [11, 12, 14, 15], "texture": "#gold_block"},
				"south": {"uv": [9, 12, 10, 15], "texture": "#gold_block"},
				"west": {"uv": [1.4953, 1.19626, 14.80371, 14.80374], "texture": "#2"},
				"up": {"uv": [7, 7, 10, 8], "rotation": 270, "texture": "#gold_block"},
				"down": {"uv": [11, 9, 14, 10], "rotation": 270, "texture": "#gold_block"}
			}
		},
		{
			"from": [7, 13, 10],
			"to": [10, 16, 11],
			"faces": {
				"north": {"uv": [10, 11, 13, 14], "texture": "#gold_block"},
				"east": {"uv": [11, 12, 12, 15], "texture": "#gold_block"},
				"south": {"uv": [9, 12, 12, 15], "texture": "#gold_block"},
				"west": {"uv": [12, 11, 13, 14], "texture": "#gold_block"},
				"up": {"uv": [14, 8, 15, 11], "rotation": 270, "texture": "#gold_block"},
				"down": {"uv": [11, 9, 12, 12], "rotation": 270, "texture": "#gold_block"}
			}
		},
		{
			"from": [7, 13, 4],
			"to": [10, 16, 5],
			"faces": {
				"north": {"uv": [10, 10, 13, 13], "texture": "#gold_block"},
				"east": {"uv": [11, 12, 12, 15], "texture": "#gold_block"},
				"south": {"uv": [6, 8, 9, 11], "texture": "#gold_block"},
				"west": {"uv": [12, 8, 13, 11], "texture": "#gold_block"},
				"up": {"uv": [12, 12, 13, 15], "rotation": 270, "texture": "#gold_block"},
				"down": {"uv": [10, 11, 11, 14], "rotation": 270, "texture": "#gold_block"}
			}
		},
		{
			"from": [10, 13, 9],
			"to": [11, 16, 10],
			"faces": {
				"north": {"uv": [10, 10, 11, 13], "texture": "#gold_block"},
				"east": {"uv": [11, 12, 12, 15], "texture": "#gold_block"},
				"south": {"uv": [6, 8, 7, 11], "texture": "#gold_block"},
				"west": {"uv": [11, 10, 12, 13], "texture": "#gold_block"},
				"up": {"uv": [12, 12, 13, 13], "rotation": 270, "texture": "#gold_block"},
				"down": {"uv": [10, 11, 11, 12], "rotation": 270, "texture": "#gold_block"}
			}
		},
		{
			"from": [10, 13, 5],
			"to": [11, 16, 6],
			"faces": {
				"north": {"uv": [11, 10, 12, 13], "texture": "#gold_block"},
				"east": {"uv": [11, 10, 12, 13], "texture": "#gold_block"},
				"south": {"uv": [11, 8, 12, 11], "texture": "#gold_block"},
				"west": {"uv": [12, 9, 13, 12], "texture": "#gold_block"},
				"up": {"uv": [14, 8, 15, 9], "rotation": 270, "texture": "#gold_block"},
				"down": {"uv": [11, 9, 12, 10], "rotation": 270, "texture": "#gold_block"}
			}
		},
		{
			"from": [6, 13, 5],
			"to": [7, 16, 6],
			"faces": {
				"north": {"uv": [11, 9, 12, 12], "texture": "#gold_block"},
				"east": {"uv": [12, 10, 13, 13], "texture": "#gold_block"},
				"south": {"uv": [12, 9, 13, 12], "texture": "#gold_block"},
				"west": {"uv": [11, 11, 12, 14], "texture": "#gold_block"},
				"up": {"uv": [12, 12, 13, 13], "rotation": 270, "texture": "#gold_block"},
				"down": {"uv": [10, 11, 11, 12], "rotation": 270, "texture": "#gold_block"}
			}
		},
		{
			"from": [6, 13, 9],
			"to": [7, 16, 10],
			"faces": {
				"north": {"uv": [10, 11, 11, 14], "texture": "#gold_block"},
				"east": {"uv": [9, 11, 10, 14], "texture": "#gold_block"},
				"south": {"uv": [7, 7, 8, 10], "texture": "#gold_block"},
				"west": {"uv": [11, 10, 12, 13], "texture": "#gold_block"},
				"up": {"uv": [11, 13, 12, 14], "rotation": 270, "texture": "#gold_block"},
				"down": {"uv": [10, 12, 11, 13], "rotation": 270, "texture": "#gold_block"}
			}
		},
		{
			"from": [8, 14, 3],
			"to": [9, 15, 4],
			"faces": {
				"north": {"uv": [10, 11, 11, 12], "texture": "#gold_block"},
				"east": {"uv": [9, 11, 10, 12], "texture": "#gold_block"},
				"west": {"uv": [11, 10, 12, 11], "texture": "#gold_block"},
				"up": {"uv": [11, 13, 12, 14], "rotation": 270, "texture": "#gold_block"},
				"down": {"uv": [10, 12, 11, 13], "rotation": 270, "texture": "#gold_block"}
			}
		},
		{
			"from": [8, 15, 2],
			"to": [9, 16, 3],
			"faces": {
				"north": {"uv": [11, 13, 12, 14], "texture": "#gold_block"},
				"east": {"uv": [9, 12, 10, 13], "texture": "#gold_block"},
				"south": {"uv": [7, 8, 8, 9], "texture": "#gold_block"},
				"west": {"uv": [11, 11, 12, 12], "texture": "#gold_block"},
				"up": {"uv": [10, 12, 11, 13], "rotation": 270, "texture": "#gold_block"},
				"down": {"uv": [10, 12, 11, 13], "rotation": 270, "texture": "#gold_block"}
			}
		},
		{
			"from": [8, 13, 1],
			"to": [9, 15, 2],
			"faces": {
				"north": {"uv": [11, 11, 12, 13], "texture": "#gold_block"},
				"east": {"uv": [10, 11, 11, 13], "texture": "#gold_block"},
				"south": {"uv": [7, 7, 8, 9], "texture": "#gold_block"},
				"west": {"uv": [12, 10, 13, 12], "texture": "#gold_block"},
				"up": {"uv": [11, 13, 12, 14], "rotation": 270, "texture": "#gold_block"},
				"down": {"uv": [10, 12, 11, 13], "rotation": 270, "texture": "#gold_block"}
			}
		},
		{
			"from": [8, 12, 2],
			"to": [9, 13, 3],
			"faces": {
				"north": {"uv": [10, 11, 11, 12], "texture": "#gold_block"},
				"east": {"uv": [9, 11, 10, 12], "texture": "#gold_block"},
				"south": {"uv": [7, 7, 8, 8], "texture": "#gold_block"},
				"west": {"uv": [11, 10, 12, 11], "texture": "#gold_block"},
				"up": {"uv": [11, 13, 12, 14], "rotation": 270, "texture": "#gold_block"},
				"down": {"uv": [10, 12, 11, 13], "rotation": 270, "texture": "#gold_block"}
			}
		},
		{
			"from": [8, 11, 3],
			"to": [9, 12, 4],
			"faces": {
				"north": {"uv": [11, 13, 12, 14], "texture": "#gold_block"},
				"east": {"uv": [9, 12, 10, 13], "texture": "#gold_block"},
				"west": {"uv": [11, 11, 12, 12], "texture": "#gold_block"},
				"up": {"uv": [10, 12, 11, 13], "rotation": 270, "texture": "#gold_block"},
				"down": {"uv": [10, 12, 11, 13], "rotation": 270, "texture": "#gold_block"}
			}
		},
		{
			"from": [8, 14, 11],
			"to": [9, 15, 12],
			"faces": {
				"east": {"uv": [9, 11, 10, 12], "texture": "#gold_block"},
				"south": {"uv": [7, 7, 8, 8], "texture": "#gold_block"},
				"west": {"uv": [11, 10, 12, 11], "texture": "#gold_block"},
				"up": {"uv": [11, 13, 12, 14], "rotation": 270, "texture": "#gold_block"},
				"down": {"uv": [10, 12, 11, 13], "rotation": 270, "texture": "#gold_block"}
			}
		},
		{
			"from": [8, 15, 12],
			"to": [9, 16, 13],
			"faces": {
				"north": {"uv": [11, 13, 12, 14], "texture": "#gold_block"},
				"east": {"uv": [9, 12, 10, 13], "texture": "#gold_block"},
				"south": {"uv": [7, 8, 8, 9], "texture": "#gold_block"},
				"west": {"uv": [11, 11, 12, 12], "texture": "#gold_block"},
				"up": {"uv": [10, 12, 11, 13], "rotation": 270, "texture": "#gold_block"},
				"down": {"uv": [10, 12, 11, 13], "rotation": 270, "texture": "#gold_block"}
			}
		},
		{
			"from": [8, 13, 13],
			"to": [9, 15, 14],
			"faces": {
				"north": {"uv": [11, 11, 12, 13], "texture": "#gold_block"},
				"east": {"uv": [10, 11, 11, 13], "texture": "#gold_block"},
				"south": {"uv": [7, 7, 8, 9], "texture": "#gold_block"},
				"west": {"uv": [12, 10, 13, 12], "texture": "#gold_block"},
				"up": {"uv": [11, 13, 12, 14], "rotation": 270, "texture": "#gold_block"},
				"down": {"uv": [10, 12, 11, 13], "rotation": 270, "texture": "#gold_block"}
			}
		},
		{
			"from": [8, 12, 12],
			"to": [9, 13, 13],
			"faces": {
				"north": {"uv": [10, 11, 11, 12], "texture": "#gold_block"},
				"east": {"uv": [9, 11, 10, 12], "texture": "#gold_block"},
				"south": {"uv": [7, 7, 8, 8], "texture": "#gold_block"},
				"west": {"uv": [11, 10, 12, 11], "texture": "#gold_block"},
				"up": {"uv": [11, 13, 12, 14], "rotation": 270, "texture": "#gold_block"},
				"down": {"uv": [10, 12, 11, 13], "rotation": 270, "texture": "#gold_block"}
			}
		},
		{
			"from": [8, 11, 11],
			"to": [9, 12, 12],
			"faces": {
				"east": {"uv": [9, 12, 10, 13], "texture": "#gold_block"},
				"south": {"uv": [7, 8, 8, 9], "texture": "#gold_block"},
				"west": {"uv": [11, 11, 12, 12], "texture": "#gold_block"},
				"up": {"uv": [10, 12, 11, 13], "rotation": 270, "texture": "#gold_block"},
				"down": {"uv": [10, 12, 11, 13], "rotation": 270, "texture": "#gold_block"}
			}
		}
	],
	"display": {
		"thirdperson_righthand": {
			"rotation": [71, 88, -9],
			"translation": [0, 0.5, 0.25],
			"scale": [0.5, 0.5, 0.5]
		},
		"thirdperson_lefthand": {
			"rotation": [71, 88, -8],
			"translation": [0, 0.5, 0.25],
			"scale": [0.5, 0.5, 0.5]
		},
		"firstperson_righthand": {
			"translation": [0.75, 0, 0]
		},
		"firstperson_lefthand": {
			"translation": [0.75, 0, 0]
		},
		"ground": {
			"translation": [0, 5.5, 0]
		},
		"gui": {
			"rotation": [30, 45, 0],
			"scale": [0.7, 0.7, 0.7]
		},
		"head": {
			"rotation": [0, 90, 0],
			"translation": [0, 14.5, 0]
		},
		"fixed": {
			"rotation": [-90, 90, 0],
			"translation": [0, 0, -12],
			"scale": [1.5, 1.5, 1.5]
		}
	}
}